True_Q,Pred_Q,Error,AbsError
7500.001,10940.235,3440.2344,3440.2344
17500.0,19982.936,2482.9355,2482.9355
5000.001,5664.4443,664.44336,664.44336
25000.0,25189.273,189.27344,189.27344
