True_Q,Pred_Q,Error,AbsError
7500.001,7959.714,459.7129,459.7129
5000.001,4573.0947,-426.90625,426.90625
17500.0,17913.842,413.8418,413.8418
25000.0,25320.17,320.16992,320.16992
