True_Q,Pred_Q,Error,AbsError
17000.0,16973.818,-26.18164,26.18164
48000.0,47979.883,-20.117188,20.117188
40000.0,40015.29,15.2890625,15.2890625
44000.0,44011.125,11.125,11.125
30000.0,29993.832,-6.1679688,6.1679688
13000.0,13005.078,5.078125,5.078125
31000.0,31004.748,4.748047,4.748047
9000.0,8995.883,-4.1171875,4.1171875
46000.0,45997.81,-2.1914062,2.1914062
