True_Q,Pred_Q,Error,AbsError
9000.0,9675.578,675.5781,675.5781
13000.0,13480.074,480.07422,480.07422
17000.0,17345.322,345.32227,345.32227
30000.0,30110.422,110.421875,110.421875
31000.0,31086.314,86.31445,86.31445
48000.0,47919.48,-80.51953,80.51953
46000.0,45943.34,-56.660156,56.660156
44000.0,43967.188,-32.8125,32.8125
40000.0,40015.234,15.234375,15.234375
